model,budget,best_epoch,test_mae,test_rmse,pred_std,pearson_r
DenseNet121,25ep,22,5.063859,7.190451,15.293769836425781,0.919590717615888
DenseNet121,50ep (canonical),31,4.94092,6.942903,15.259916305541992,0.9250126515481217
DenseNet121,100ep,59,5.002704,7.102662,15.26707935333252,0.9218911245693466
ViT-B/16 (new recipe),50ep (canonical),37,4.860683,6.943314,15.273855209350586,0.9243757340530219
ViT-B/16 (new recipe),100ep,34,4.948892,7.180477,15.708582878112793,0.9233516543209679
ViT-B/16 (baseline recipe),25ep,25,13.009085,17.626882,3.088817596435547,0.2856451531871744
ViT-B/16 (baseline recipe),50ep (canonical),45,9.442189,13.134458,11.543868064880371,0.6956064979636373
ViT-B/16 (baseline recipe),100ep,65,11.956605,16.298688,8.505155563354492,0.42865191468160774
