model,epochs_run,best_epoch_by_val_mae,best_val_mae,best_val_rmse,final_val_mae,test_mae,test_rmse,n_test,mean_epoch_time_sec,gpu_mem_peak_mb
DenseNet121,25,22,4.158939838409424,6.3875569857987315,4.291566371917725,5.063859,7.190451,1978,9.306149425506591,4122.57861328125
ViT-B/16,25,25,10.627904891967772,14.255667111707004,10.627904891967772,13.009085,17.626882,1978,35.93403968811035,2989.80712890625
