model,epochs_run,best_epoch_by_val_mae,best_val_mae,best_val_rmse,final_val_mae,test_mae,test_rmse,n_test,pred_std,pearson_r,mean_epoch_time_sec,gpu_mem_peak_mb
DenseNet121,25,22,4.158939838409424,6.3875569857987315,4.291566371917725,5.063859,7.190451,1978,15.293769836425781,0.919590717615888,9.306149425506591,4122.57861328125
"ViT-B/16 (LLRD+warmup, 50ep)",50,37,4.126954555511475,6.1956720813050215,4.198539733886719,4.860683,6.943314,1978,15.273855209350586,0.9243757340530219,36.18053619384766,2990.80712890625
"ViT-B/16 (default recipe, 25ep)",25,25,10.627904891967772,14.255667111707004,10.627904891967772,13.009085,17.626882,1978,3.088817596435547,0.2856451531871744,35.93403968811035,2989.80712890625
